/*
SQLyog Ultimate v10.00 Beta1
MySQL - 8.0.26 : Database - goodsmanagement
*********************************************************************
*/

/*!40101 SET NAMES utf8 */;

/*!40101 SET SQL_MODE=''*/;

/*!40014 SET @OLD_UNIQUE_CHECKS=@@UNIQUE_CHECKS, UNIQUE_CHECKS=0 */;
/*!40014 SET @OLD_FOREIGN_KEY_CHECKS=@@FOREIGN_KEY_CHECKS, FOREIGN_KEY_CHECKS=0 */;
/*!40101 SET @OLD_SQL_MODE=@@SQL_MODE, SQL_MODE='NO_AUTO_VALUE_ON_ZERO' */;
/*!40111 SET @OLD_SQL_NOTES=@@SQL_NOTES, SQL_NOTES=0 */;
CREATE DATABASE /*!32312 IF NOT EXISTS*/`goodsmanagement` /*!40100 DEFAULT CHARACTER SET utf8 */ /*!80016 DEFAULT ENCRYPTION='N' */;

USE `goodsmanagement`;

/*Table structure for table `advice` */

DROP TABLE IF EXISTS `advice`;

CREATE TABLE `advice` (
  `id` bigint NOT NULL AUTO_INCREMENT,
  `content` text COMMENT '意见内容',
  `userId` bigint DEFAULT NULL COMMENT '用户id',
  `create_time` datetime DEFAULT NULL,
  `update_time` datetime DEFAULT NULL,
  PRIMARY KEY (`id`)
) ENGINE=InnoDB AUTO_INCREMENT=10 DEFAULT CHARSET=utf8mb3;

/*Data for the table `advice` */

insert  into `advice`(`id`,`content`,`userId`,`create_time`,`update_time`) values (4,'建议添加数据共享',22,'2022-06-02 07:24:29','2022-06-02 07:24:29'),(5,'有待提升',23,'2022-06-10 13:16:18','2022-06-10 13:16:18'),(6,'11',22,'2022-06-10 14:24:01','2022-06-10 14:24:01'),(7,'111',22,'2022-06-10 14:24:07','2022-06-10 14:24:07'),(8,'有待提升',23,'2022-06-10 14:56:53','2022-06-10 14:56:53'),(9,'有待提升',23,'2022-06-10 15:00:12','2022-06-10 15:00:12');

/*Table structure for table `categories` */

DROP TABLE IF EXISTS `categories`;

CREATE TABLE `categories` (
  `id` bigint NOT NULL AUTO_INCREMENT,
  `userId` bigint DEFAULT NULL COMMENT '用户id',
  `name` varchar(200) DEFAULT NULL COMMENT '分类名字',
  `description` text COMMENT '描述',
  `image` text COMMENT '图标',
  `create_time` datetime DEFAULT NULL,
  `update_time` datetime DEFAULT NULL,
  PRIMARY KEY (`id`)
) ENGINE=InnoDB AUTO_INCREMENT=65 DEFAULT CHARSET=utf8mb3;

/*Data for the table `categories` */

insert  into `categories`(`id`,`userId`,`name`,`description`,`image`,`create_time`,`update_time`) values (5,22,'药品','1','http://8.130.8.164:8080/img/re/resource/medicine.png','2022-06-02 06:53:14','2022-06-02 06:53:14'),(6,22,'食品','1','http://8.130.8.164:8080/img/re/resource/food.png','2022-06-02 06:53:14','2022-06-02 06:53:14'),(7,22,'化妆品','1','http://8.130.8.164:8080/img/re/resource/cosmetics.png','2022-06-02 06:53:14','2022-06-02 06:53:14'),(8,22,'饮品','1','http://8.130.8.164:8080/img/re/resource/drink.png','2022-06-02 06:53:14','2022-06-02 06:53:14'),(9,22,'运动','1','http://8.130.8.164:8080/img/re/resource/sports.png','2022-06-02 06:53:14','2022-06-02 06:53:14'),(10,22,'上课',NULL,'custom','2022-06-02 07:09:17','2022-06-02 07:09:17'),(11,22,'约会',NULL,'custom','2022-06-02 07:14:37','2022-06-02 07:14:37'),(12,22,'游戏比赛',NULL,'custom','2022-06-02 07:14:43','2022-06-02 07:14:43'),(14,23,'药品','1','http://8.130.8.164:8080/img/re/resource/medicine.png','2022-06-02 07:36:34','2022-06-02 07:36:34'),(15,23,'食品','1','http://8.130.8.164:8080/img/re/resource/food.png','2022-06-02 07:36:34','2022-06-02 07:36:34'),(16,23,'化妆品','1','http://8.130.8.164:8080/img/re/resource/cosmetics.png','2022-06-02 07:36:34','2022-06-02 07:36:34'),(17,23,'饮品','1','http://8.130.8.164:8080/img/re/resource/drink.png','2022-06-02 07:36:34','2022-06-02 07:36:34'),(18,23,'运动','1','http://8.130.8.164:8080/img/re/resource/sports.png','2022-06-02 07:36:34','2022-06-02 07:36:34'),(47,22,'111',NULL,'custom','2022-06-10 14:20:50','2022-06-10 14:20:50'),(48,22,'2222',NULL,'custom','2022-06-10 14:21:00','2022-06-10 14:21:00'),(49,22,'444',NULL,'custom','2022-06-10 14:21:19','2022-06-10 14:21:19'),(50,22,'aaa',NULL,'custom','2022-06-10 14:22:16','2022-06-10 14:22:16'),(58,23,'纪念日',NULL,'custom','2022-06-10 14:50:34','2022-06-10 14:50:34'),(59,23,'事件',NULL,'custom','2022-06-10 14:50:41','2022-06-10 14:50:41'),(60,23,'周年庆',NULL,'custom','2022-06-10 14:52:03','2022-06-10 14:52:03'),(63,23,'奶制品',NULL,'custom','2022-06-10 14:53:58','2022-06-10 14:53:58'),(64,23,'熏香',NULL,'custom','2022-06-10 15:06:25','2022-06-10 15:06:25');

/*Table structure for table `diary` */

DROP TABLE IF EXISTS `diary`;

CREATE TABLE `diary` (
  `id` bigint NOT NULL AUTO_INCREMENT,
  `userId` bigint DEFAULT NULL COMMENT '用户id',
  `content` text COMMENT '内容',
  `create_time` datetime DEFAULT NULL,
  `update_time` datetime DEFAULT NULL,
  PRIMARY KEY (`id`)
) ENGINE=InnoDB AUTO_INCREMENT=7 DEFAULT CHARSET=utf8mb3;

/*Data for the table `diary` */

insert  into `diary`(`id`,`userId`,`content`,`create_time`,`update_time`) values (4,22,'备忘录1','2022-06-02 07:25:59','2022-06-02 07:25:59'),(5,22,'备忘录2','2022-06-02 07:26:05','2022-06-02 07:26:05'),(6,22,'备忘录3','2022-06-02 07:26:07','2022-06-02 07:26:07');

/*Table structure for table `logs` */

DROP TABLE IF EXISTS `logs`;

CREATE TABLE `logs` (
  `id` bigint NOT NULL AUTO_INCREMENT,
  `action` text COMMENT '行为',
  `userId` bigint DEFAULT NULL COMMENT '用户id',
  `ip` text COMMENT 'ip地址',
  `create_time` datetime DEFAULT NULL COMMENT '创建时间',
  PRIMARY KEY (`id`)
) ENGINE=InnoDB AUTO_INCREMENT=122 DEFAULT CHARSET=utf8mb3;

/*Data for the table `logs` */

/*Table structure for table `others` */

DROP TABLE IF EXISTS `others`;

CREATE TABLE `others` (
  `id` bigint NOT NULL AUTO_INCREMENT COMMENT 'id',
  `module` varchar(200) DEFAULT NULL COMMENT '模块',
  `title` varchar(200) DEFAULT NULL COMMENT '标题',
  `content` text COMMENT '内容',
  `create_time` datetime DEFAULT NULL COMMENT '创建',
  `update_time` datetime DEFAULT NULL COMMENT '更新',
  PRIMARY KEY (`id`)
) ENGINE=InnoDB AUTO_INCREMENT=5 DEFAULT CHARSET=utf8mb3;

/*Data for the table `others` */

insert  into `others`(`id`,`module`,`title`,`content`,`create_time`,`update_time`) values (3,'guide','新人指南','提醒方式:定时提醒，提醒创建后，到了提醒时间会在微信服务通知内收到提醒。\r\n\r\n提醒声音:提醒声音与微信消息的通知提示音是一样的\r\n\r\n如何快速的找到我？\r\n1.点击右上角添加到我的小程序\r\n2.聊天界面下拉就可以找到\r\n\r\n如何关闭提醒:待提醒页面点击需要关闭的提醒，然后删除即可','2022-06-02 07:19:55','2022-06-02 07:19:55'),(4,'about','关于我们','Re是一款致力于提醒物品临期，减少物品不必要浪费的小程序。\r\n\r\n希望大家多多支持，多多使用。你们的支持，就是我们继续下去的动力。\r\n\r\n微信小程序正在努力升级调整中，我们尽力跟上小程序的每次更新。若您有发现任何BUG、使用疑问或者是有其他建议，请发送邮件至3010273040@qq.com，或是直接于“意见与反馈”模块发送信息，我们会及时给您反馈。','2022-06-02 07:20:09','2022-06-02 07:20:09');

/*Table structure for table `record` */

DROP TABLE IF EXISTS `record`;

CREATE TABLE `record` (
  `id` bigint NOT NULL AUTO_INCREMENT,
  `userId` bigint DEFAULT NULL COMMENT '用户id',
  `itemName` varchar(255) DEFAULT NULL COMMENT '物品名称',
  `closeTask` text COMMENT '临近任务编码',
  `closeTime` varchar(200) DEFAULT NULL COMMENT '临近提醒时间',
  `expireTask` text COMMENT '到期时间',
  `expireTime` varchar(200) DEFAULT NULL COMMENT '到期时间',
  `state` bigint DEFAULT NULL COMMENT '0-未过期；1-已过期；2-即将过期',
  `image` text COMMENT '图片',
  `description` text COMMENT '描述',
  `deleted` bigint DEFAULT NULL,
  `create_time` datetime DEFAULT NULL,
  `update_time` datetime DEFAULT NULL,
  `categoriesId` bigint DEFAULT NULL COMMENT '分类',
  `timeGap` varbinary(200) DEFAULT NULL,
  `categoriesName` varchar(200) DEFAULT NULL,
  PRIMARY KEY (`id`)
) ENGINE=InnoDB AUTO_INCREMENT=48 DEFAULT CHARSET=utf8mb3;

/*Data for the table `record` */

insert  into `record`(`id`,`userId`,`itemName`,`closeTask`,`closeTime`,`expireTask`,`expireTime`,`state`,`image`,`description`,`deleted`,`create_time`,`update_time`,`categoriesId`,`timeGap`,`categoriesName`) values (1,22,'糖果','981955163529023488','2022-06-02 16:20:20','981955163780681728','2024-12-20 11:31:48',2,NULL,'食品记录',0,'2022-06-02 08:19:15','2022-06-02 08:20:20',7,NULL,NULL),(2,22,'薯片','981955413006225408','2022-06-02 16:20:25','981955413064945664','2024-12-20 11:31:48',2,NULL,'食品记录',0,'2022-06-02 08:20:14','2022-06-02 08:20:25',7,NULL,NULL),(3,22,'测试1','981955774513287168','2022-06-02 16:22:25','981955774572007424','2022-06-02 16:23:48',1,NULL,'食品记录',1,'2022-06-02 08:21:41','2022-06-02 08:23:48',8,NULL,NULL),(4,22,'测试2','981955788115415040','2022-06-02 16:22:25','981955788165746688','2022-06-02 16:23:48',1,NULL,'食品记录',0,'2022-06-02 08:21:44','2022-06-02 08:23:48',8,NULL,NULL),(5,22,'测试2','981956006823202816','2022-12-02 16:22:25','981956006865145856','2027-06-02 16:23:48',0,NULL,'食品记录',1,'2022-06-02 08:22:36','2022-06-02 08:22:36',9,NULL,NULL),(6,22,'测试21','981956055712010240','2022-12-12 16:22:25','981956055766536192','2027-06-02 16:23:48',0,NULL,'食品记录',0,'2022-06-02 08:22:48','2022-06-02 08:22:48',9,NULL,NULL),(7,23,'测试21','984066516339265536','2022-06-08 12:10:30','984066516494454784','2022-06-12 12:10:30',2,NULL,NULL,1,'2022-06-08 04:09:01','2022-06-08 04:10:30',17,NULL,NULL),(8,23,'测试21','984068557556027392','2022-06-09 12:16:30','984068557606359040','2022-06-10 12:16:30',0,NULL,NULL,1,'2022-06-08 04:17:07','2022-06-08 04:17:07',17,NULL,NULL),(9,23,NULL,'984130540833738752','2022-06-09 16:23:06','984130541123145728','2022-06-10 16:23:06',0,NULL,'',1,'2022-06-08 08:23:25','2022-06-08 08:23:25',17,NULL,NULL),(10,23,NULL,'984131763745984512','2022-06-10 16:27:53','984131763943116800','2022-06-11 16:27:53',0,NULL,'',1,'2022-06-08 08:28:17','2022-06-08 08:28:17',17,NULL,NULL),(11,23,NULL,'984132777081442304','2022-06-08 18:32:00','984132777194688512','2022-06-12 16:32:00',2,NULL,'',1,'2022-06-08 08:32:18','2022-06-08 10:58:12',17,NULL,NULL),(12,23,NULL,'984135026201464832','2022-06-08 19:40:57','984135026432151552','2022-06-11 16:40:57',2,NULL,'',1,'2022-06-08 08:41:15','2022-06-08 11:40:58',17,NULL,NULL),(13,23,'牛奶牛奶','984203454941630464','2022-06-10 21:12:50','984203455117791232','2022-06-11 21:12:50',0,NULL,'',1,'2022-06-08 13:13:09','2022-06-08 13:13:09',17,NULL,NULL),(14,23,'奶粉','984221091490828288','2022-06-10 22:22:45','984221091704737792','2022-06-11 22:22:45',0,NULL,'明天',1,'2022-06-08 14:23:14','2022-06-08 14:23:14',17,NULL,NULL),(15,23,'药晚','984236848446574592','2025-06-08 23:25:18','984236848538849280','2025-07-10 23:25:18',0,NULL,'无',1,'2022-06-08 15:25:51','2022-06-08 15:25:51',17,NULL,NULL),(16,23,'蓝唇膏','984270788867788800','2022-06-10 01:40:04','984270788964257792','2022-08-09 01:40:04',0,NULL,'1122',1,'2022-06-08 17:40:43','2022-06-08 17:40:43',17,NULL,NULL),(17,23,'100周年','984460619245817856','2023-06-09 14:14:31','984460619501670400','2022-06-10 14:14:31',0,NULL,'买花',1,'2022-06-09 06:15:02','2022-06-09 06:15:02',17,NULL,NULL),(18,23,'100周年','984461201994027008','2023-06-09 14:16:12','984461202040164352','2023-06-10 14:16:12',0,NULL,'买花',1,'2022-06-09 06:17:21','2022-06-09 06:17:21',17,NULL,NULL),(19,23,'结婚纪念日','984491802709069824','2023-07-09 16:16:21','984491803317243904','2022-06-15 16:16:21',0,NULL,'买礼物',1,'2022-06-09 08:18:57','2022-06-09 08:18:57',17,NULL,NULL),(20,23,'未来星','984512194161020928','2022-06-12 17:33:09','984512194349764608','2022-08-09 17:33:09',0,NULL,'无',1,'2022-06-09 09:39:59','2022-06-09 09:39:59',37,NULL,'牛奶'),(21,23,'特仑苏','984619151169556480','2022-06-12 00:44:14','984619151425409024','2024-06-10 00:44:14',0,NULL,'无',1,'2022-06-09 16:44:59','2022-06-09 16:44:59',37,NULL,'牛奶'),(22,23,'特仑苏','984620074830794752','2022-06-12 00:48:24','984620075019538432','2022-07-10 00:48:24',0,NULL,'无',1,'2022-06-09 16:48:39','2022-06-09 16:48:39',37,NULL,'牛奶'),(23,23,'吃饭','984807337091010560','2022-06-10 13:13:22','984807337342668800','2022-06-10 13:14:22',1,NULL,'速',1,'2022-06-10 05:12:46','2022-06-10 05:14:22',41,NULL,'纪念日'),(24,23,'莲花粥','984897712971452416','2022-06-10 21:11:22','984897713575432192','2022-06-12 19:11:22',0,NULL,'无',1,'2022-06-10 11:11:53','2022-06-10 11:11:53',15,NULL,'食品'),(25,23,'周年庆','984898053867704320','2024-06-10 19:12:41','984898053972561920','2024-09-10 19:12:41',0,NULL,'买花',1,'2022-06-10 11:13:15','2022-06-10 11:13:15',41,NULL,'纪念日'),(26,23,'colorrose','984903239151521792','2023-07-10 19:33:11','984903239331876864','2024-06-10 19:33:11',0,NULL,'换',1,'2022-06-10 11:33:51','2022-06-10 11:33:51',43,NULL,'熏香'),(27,23,'吃饭','984906214808883200','2022-06-10 19:46:19','984906215035375616','2022-06-10 19:47:19',1,NULL,'速',1,'2022-06-10 11:45:40','2022-06-10 11:47:19',45,NULL,'事件'),(28,23,'画虎','984932602014208000','2022-06-10 21:30:54','984932602110676992','2022-06-10 22:30:54',2,NULL,'五',1,'2022-06-10 13:30:32','2022-06-10 13:30:54',45,NULL,'事件'),(29,23,'纯牛奶','984932857296326656','2022-06-10 22:31:02','984932857359241216','2022-06-10 23:31:02',0,NULL,'无',1,'2022-06-10 13:31:32','2022-06-10 13:31:32',42,NULL,'奶制品'),(30,23,'片仔癀珍珠霜','984937935294042112','2022-06-10 21:52:13','984937935352762368','2022-06-10 21:53:13',1,NULL,'',1,'2022-06-10 13:51:43','2022-06-10 13:53:13',14,NULL,'药品'),(31,22,'片仔癀珍珠霜','984945834619703296','2022-06-11 22:22:33','984945834699395072','2022-06-12 22:22:33',0,NULL,'',0,'2022-06-10 14:23:06','2022-06-10 14:23:06',5,NULL,'药品'),(32,23,'特仑苏','984947434687959040','2022-06-11 22:29:06','984947434750873600','2022-06-12 22:29:06',0,NULL,'无',1,'2022-06-10 14:29:28','2022-06-10 14:29:28',42,NULL,'奶制品'),(33,23,'特仑苏','984947775479353344','2022-06-10 23:30:24','984947775538073600','2022-06-11 22:30:24',0,NULL,'喝',1,'2022-06-10 14:30:49','2022-06-10 14:30:49',42,NULL,'奶制品'),(34,23,'旺仔','984948134843125760','2022-06-11 22:31:51','984948134885068800','2022-06-12 22:31:51',0,NULL,'无',1,'2022-06-10 14:32:15','2022-06-10 14:32:15',42,NULL,'奶制品'),(35,23,'片仔癀珍珠霜','984948288077828096','2022-06-11 22:32:25','984948288119771136','2022-09-13 22:32:25',0,NULL,'无',1,'2022-06-10 14:32:51','2022-06-10 14:32:51',14,NULL,'药品'),(36,23,'片仔癀珍珠霜','984948568894869504','2023-06-10 22:33:39','984948568957784064','2024-06-10 22:33:39',0,NULL,'无',1,'2022-06-10 14:33:58','2022-06-10 14:33:58',14,NULL,'药品'),(37,23,'吃饭','984949610986475520','2022-06-10 22:38:46','984949611053584384','2022-06-10 22:39:46',1,NULL,'速速',1,'2022-06-10 14:38:07','2022-06-10 14:39:46',45,NULL,'事件'),(38,23,'mac','984949964817960960','2022-07-11 22:39:00','984949964851515392','2022-11-10 22:39:00',0,NULL,'换',1,'2022-06-10 14:39:31','2022-06-10 14:39:31',16,NULL,'化妆品'),(39,23,'100周年纪念庆','984950326157250560','2022-06-10 22:41:16','984950326211776512','2022-06-10 22:42:16',1,NULL,'无',1,'2022-06-10 14:40:57','2022-06-10 14:42:16',45,NULL,'事件'),(40,23,'colorrose','984956876343087104','2022-06-10 23:07:34','984956876410195968','2022-06-10 23:08:33',1,NULL,'',1,'2022-06-10 15:06:59','2022-06-10 15:08:33',64,NULL,'熏香'),(41,23,'特仑苏','984966821797040128','2022-06-10 23:47:01','984966821847371776','2022-06-10 23:49:01',1,NULL,'无',0,'2022-06-10 15:46:30','2022-06-10 15:49:01',63,NULL,'奶制品'),(42,23,'colorrose','984966990957514752','2023-06-10 23:46:40','984966990995263488','2023-12-10 23:46:40',0,NULL,'无',0,'2022-06-10 15:47:10','2022-06-10 15:47:10',64,NULL,'熏香'),(43,23,'旺仔','984967166589800448','2022-07-10 23:47:34','984967166627549184','2022-09-10 23:47:34',0,NULL,'无',0,'2022-06-10 15:47:52','2022-06-10 15:47:52',63,NULL,'奶制品'),(44,23,'吃饭','984967539371151360','2022-06-10 23:49:52','984967539408900096','2022-06-10 23:49:57',1,NULL,'无',0,'2022-06-10 15:49:21','2022-06-10 15:49:57',59,NULL,'事件'),(45,23,'优酸乳','984981038365282304','2022-09-11 00:42:15','984981038407225344','2022-11-11 00:42:15',0,NULL,'伊利牌',0,'2022-06-10 16:43:00','2022-06-10 16:43:00',63,NULL,'奶制品'),(46,23,'大白兔牛奶','984981186126417920','2023-08-11 00:43:12','984981186168360960','2022-08-13 00:43:12',0,NULL,'无',0,'2022-06-10 16:43:35','2022-06-10 16:43:35',63,NULL,'奶制品'),(47,23,'100周年庆','984986143567253504','2022-09-11 01:02:35','984986143630168064','2022-11-11 01:02:35',0,NULL,'筹备',0,'2022-06-10 17:03:17','2022-06-10 17:03:17',60,NULL,'周年庆');

/*Table structure for table `scheduletable` */

DROP TABLE IF EXISTS `scheduletable`;

CREATE TABLE `scheduletable` (
  `id` bigint NOT NULL AUTO_INCREMENT,
  `cron` varchar(200) DEFAULT NULL COMMENT '表达式',
  `description` text COMMENT '描述',
  `module` varchar(200) DEFAULT NULL COMMENT '模块',
  `state` bigint DEFAULT NULL COMMENT '状态',
  `create_time` datetime DEFAULT NULL,
  `update_time` datetime DEFAULT NULL,
  PRIMARY KEY (`id`)
) ENGINE=InnoDB AUTO_INCREMENT=7 DEFAULT CHARSET=utf8mb3;

/*Data for the table `scheduletable` */

/*Table structure for table `task` */

DROP TABLE IF EXISTS `task`;

CREATE TABLE `task` (
  `id` bigint NOT NULL AUTO_INCREMENT,
  `module` varchar(255) DEFAULT NULL COMMENT '模块：close,expire',
  `jobName` text,
  `jobGroupName` text,
  `triggerName` text,
  `triggerGroupName` text,
  `corn` varchar(255) DEFAULT NULL COMMENT '表达式',
  `deleted` bigint DEFAULT NULL,
  `description` text,
  `create_time` datetime DEFAULT NULL,
  `update_time` datetime DEFAULT NULL,
  PRIMARY KEY (`id`)
) ENGINE=InnoDB AUTO_INCREMENT=103 DEFAULT CHARSET=utf8mb3;

/*Data for the table `task` */

insert  into `task`(`id`,`module`,`jobName`,`jobGroupName`,`triggerName`,`triggerGroupName`,`corn`,`deleted`,`description`,`create_time`,`update_time`) values (1,'close','981955163529023488','981955163529023488','981955163529023488','981955163529023488','20 20 16 02 06 ? 2022',1,NULL,'2022-06-02 08:19:15','2022-06-02 08:19:15'),(2,'expire','981955163780681728','981955163780681728','981955163780681728','981955163780681728','48 31 11 20 12 ? 2024',0,NULL,'2022-06-02 08:19:15','2022-06-02 08:19:15'),(3,'close','981955413006225408','981955413006225408','981955413006225408','981955413006225408','25 20 16 02 06 ? 2022',1,NULL,'2022-06-02 08:20:14','2022-06-02 08:20:14'),(4,'expire','981955413064945664','981955413064945664','981955413064945664','981955413064945664','48 31 11 20 12 ? 2024',0,NULL,'2022-06-02 08:20:14','2022-06-02 08:20:14'),(5,'close','981955774513287168','981955774513287168','981955774513287168','981955774513287168','25 22 16 02 06 ? 2022',1,NULL,'2022-06-02 08:21:41','2022-06-02 08:21:41'),(6,'expire','981955774572007424','981955774572007424','981955774572007424','981955774572007424','48 23 16 02 06 ? 2022',1,NULL,'2022-06-02 08:21:41','2022-06-02 08:21:41'),(7,'close','981955788115415040','981955788115415040','981955788115415040','981955788115415040','25 22 16 02 06 ? 2022',1,NULL,'2022-06-02 08:21:44','2022-06-02 08:21:44'),(8,'expire','981955788165746688','981955788165746688','981955788165746688','981955788165746688','48 23 16 02 06 ? 2022',1,NULL,'2022-06-02 08:21:44','2022-06-02 08:21:44'),(9,'close','981956006823202816','981956006823202816','981956006823202816','981956006823202816','25 22 16 02 12 ? 2022',1,NULL,'2022-06-02 08:22:36','2022-06-02 08:22:36'),(10,'expire','981956006865145856','981956006865145856','981956006865145856','981956006865145856','48 23 16 02 06 ? 2027',0,NULL,'2022-06-02 08:22:36','2022-06-02 08:22:36'),(11,'close','981956055712010240','981956055712010240','981956055712010240','981956055712010240','25 22 16 12 12 ? 2022',0,NULL,'2022-06-02 08:22:48','2022-06-02 08:22:48'),(12,'expire','981956055766536192','981956055766536192','981956055766536192','981956055766536192','48 23 16 02 06 ? 2027',0,NULL,'2022-06-02 08:22:48','2022-06-02 08:22:48'),(13,'close','984066516339265536','984066516339265536','984066516339265536','984066516339265536','30 10 12 08 06 ? 2022',1,NULL,'2022-06-08 04:09:01','2022-06-08 04:09:01'),(14,'expire','984066516494454784','984066516494454784','984066516494454784','984066516494454784','30 10 12 12 06 ? 2022',0,NULL,'2022-06-08 04:09:01','2022-06-08 04:09:01'),(15,'close','984068557556027392','984068557556027392','984068557556027392','984068557556027392','30 16 12 09 06 ? 2022',1,NULL,'2022-06-08 04:17:07','2022-06-08 04:17:07'),(16,'expire','984068557606359040','984068557606359040','984068557606359040','984068557606359040','30 16 12 10 06 ? 2022',0,NULL,'2022-06-08 04:17:07','2022-06-08 04:17:07'),(17,'close','984130540833738752','984130540833738752','984130540833738752','984130540833738752','06 23 16 09 06 ? 2022',1,NULL,'2022-06-08 08:23:25','2022-06-08 08:23:25'),(18,'expire','984130541123145728','984130541123145728','984130541123145728','984130541123145728','06 23 16 10 06 ? 2022',0,NULL,'2022-06-08 08:23:25','2022-06-08 08:23:25'),(19,'close','984131763745984512','984131763745984512','984131763745984512','984131763745984512','53 27 16 10 06 ? 2022',1,NULL,'2022-06-08 08:28:17','2022-06-08 08:28:17'),(20,'expire','984131763943116800','984131763943116800','984131763943116800','984131763943116800','53 27 16 11 06 ? 2022',0,NULL,'2022-06-08 08:28:17','2022-06-08 08:28:17'),(21,'close','984132777081442304','984132777081442304','984132777081442304','984132777081442304','00 32 18 08 06 ? 2022',1,NULL,'2022-06-08 08:32:18','2022-06-08 08:32:18'),(22,'expire','984132777194688512','984132777194688512','984132777194688512','984132777194688512','00 32 16 12 06 ? 2022',0,NULL,'2022-06-08 08:32:18','2022-06-08 08:32:18'),(23,'close','984135026201464832','984135026201464832','984135026201464832','984135026201464832','57 40 19 08 06 ? 2022',1,NULL,'2022-06-08 08:41:15','2022-06-08 08:41:15'),(24,'expire','984135026432151552','984135026432151552','984135026432151552','984135026432151552','57 40 16 11 06 ? 2022',0,NULL,'2022-06-08 08:41:15','2022-06-08 08:41:15'),(25,'close','984203454941630464','984203454941630464','984203454941630464','984203454941630464','50 12 21 10 06 ? 2022',1,NULL,'2022-06-08 13:13:09','2022-06-08 13:13:09'),(26,'expire','984203455117791232','984203455117791232','984203455117791232','984203455117791232','50 12 21 11 06 ? 2022',0,NULL,'2022-06-08 13:13:09','2022-06-08 13:13:09'),(27,'close','984221091490828288','984221091490828288','984221091490828288','984221091490828288','45 22 22 10 06 ? 2022',1,NULL,'2022-06-08 14:23:14','2022-06-08 14:23:14'),(28,'expire','984221091704737792','984221091704737792','984221091704737792','984221091704737792','45 22 22 11 06 ? 2022',0,NULL,'2022-06-08 14:23:14','2022-06-08 14:23:14'),(29,'close','984236848446574592','984236848446574592','984236848446574592','984236848446574592','18 25 23 08 06 ? 2025',1,NULL,'2022-06-08 15:25:51','2022-06-08 15:25:51'),(30,'expire','984236848538849280','984236848538849280','984236848538849280','984236848538849280','18 25 23 10 07 ? 2025',0,NULL,'2022-06-08 15:25:51','2022-06-08 15:25:51'),(31,'close','984270788867788800','984270788867788800','984270788867788800','984270788867788800','04 40 01 10 06 ? 2022',1,NULL,'2022-06-08 17:40:43','2022-06-08 17:40:43'),(32,'expire','984270788964257792','984270788964257792','984270788964257792','984270788964257792','04 40 01 09 08 ? 2022',0,NULL,'2022-06-08 17:40:43','2022-06-08 17:40:43'),(33,'close','984460619245817856','984460619245817856','984460619245817856','984460619245817856','31 14 14 09 06 ? 2023',1,NULL,'2022-06-09 06:15:02','2022-06-09 06:15:02'),(34,'expire','984460619501670400','984460619501670400','984460619501670400','984460619501670400','31 14 14 10 06 ? 2022',0,NULL,'2022-06-09 06:15:02','2022-06-09 06:15:02'),(35,'close','984461201994027008','984461201994027008','984461201994027008','984461201994027008','12 16 14 09 06 ? 2023',1,NULL,'2022-06-09 06:17:21','2022-06-09 06:17:21'),(36,'expire','984461202040164352','984461202040164352','984461202040164352','984461202040164352','12 16 14 10 06 ? 2023',0,NULL,'2022-06-09 06:17:21','2022-06-09 06:17:21'),(37,'close','984491802709069824','984491802709069824','984491802709069824','984491802709069824','21 16 16 09 07 ? 2023',1,NULL,'2022-06-09 08:18:57','2022-06-09 08:18:57'),(38,'expire','984491803317243904','984491803317243904','984491803317243904','984491803317243904','21 16 16 15 06 ? 2022',0,NULL,'2022-06-09 08:18:57','2022-06-09 08:18:57'),(39,'close','984507610713690112','984507610713690112','984507610713690112','984507610713690112','24 23 17 09 06 ? 2022',0,NULL,'2022-06-09 09:21:46','2022-06-09 09:21:46'),(40,'expire','984507611082788864','984507611082788864','984507611082788864','984507611082788864','24 21 17 11 06 ? 2022',0,NULL,'2022-06-09 09:21:46','2022-06-09 09:21:46'),(41,'close','984508372466405376','984508372466405376','984508372466405376','984508372466405376','42 23 17 09 06 ? 2023',0,NULL,'2022-06-09 09:24:47','2022-06-09 09:24:47'),(42,'expire','984508372525125632','984508372525125632','984508372525125632','984508372525125632','42 23 17 09 06 ? 2024',0,NULL,'2022-06-09 09:24:47','2022-06-09 09:24:47'),(43,'close','984509622914256896','984509622914256896','984509622914256896','984509622914256896','27 29 17 11 06 ? 2022',0,NULL,'2022-06-09 09:29:45','2022-06-09 09:29:45'),(44,'expire','984509622977171456','984509622977171456','984509622977171456','984509622977171456','27 29 17 09 08 ? 2022',0,NULL,'2022-06-09 09:29:45','2022-06-09 09:29:45'),(45,'close','984510155154657280','984510155154657280','984510155154657280','984510155154657280','33 31 17 13 06 ? 2022',0,NULL,'2022-06-09 09:31:52','2022-06-09 09:31:52'),(46,'expire','984510155209183232','984510155209183232','984510155209183232','984510155209183232','33 31 17 09 09 ? 2022',0,NULL,'2022-06-09 09:31:52','2022-06-09 09:31:52'),(47,'close','984512194161020928','984512194161020928','984512194161020928','984512194161020928','09 33 17 12 06 ? 2022',1,NULL,'2022-06-09 09:39:58','2022-06-09 09:39:58'),(48,'expire','984512194349764608','984512194349764608','984512194349764608','984512194349764608','09 33 17 09 08 ? 2022',0,NULL,'2022-06-09 09:39:58','2022-06-09 09:39:58'),(49,'close','984619151169556480','984619151169556480','984619151169556480','984619151169556480','14 44 00 12 06 ? 2022',1,NULL,'2022-06-09 16:44:59','2022-06-09 16:44:59'),(50,'expire','984619151425409024','984619151425409024','984619151425409024','984619151425409024','14 44 00 10 06 ? 2024',0,NULL,'2022-06-09 16:44:59','2022-06-09 16:44:59'),(51,'close','984620074830794752','984620074830794752','984620074830794752','984620074830794752','24 48 00 12 06 ? 2022',1,NULL,'2022-06-09 16:48:39','2022-06-09 16:48:39'),(52,'expire','984620075019538432','984620075019538432','984620075019538432','984620075019538432','24 48 00 10 07 ? 2022',0,NULL,'2022-06-09 16:48:39','2022-06-09 16:48:39'),(53,'close','984807337091010560','984807337091010560','984807337091010560','984807337091010560','22 13 13 10 06 ? 2022',1,NULL,'2022-06-10 05:12:46','2022-06-10 05:12:46'),(54,'expire','984807337342668800','984807337342668800','984807337342668800','984807337342668800','22 14 13 10 06 ? 2022',1,NULL,'2022-06-10 05:12:46','2022-06-10 05:12:46'),(55,'close','984897712971452416','984897712971452416','984897712971452416','984897712971452416','22 11 21 10 06 ? 2022',1,NULL,'2022-06-10 11:11:53','2022-06-10 11:11:53'),(56,'expire','984897713575432192','984897713575432192','984897713575432192','984897713575432192','22 11 19 12 06 ? 2022',0,NULL,'2022-06-10 11:11:53','2022-06-10 11:11:53'),(57,'close','984898053867704320','984898053867704320','984898053867704320','984898053867704320','41 12 19 10 06 ? 2024',1,NULL,'2022-06-10 11:13:15','2022-06-10 11:13:15'),(58,'expire','984898053972561920','984898053972561920','984898053972561920','984898053972561920','41 12 19 10 09 ? 2024',0,NULL,'2022-06-10 11:13:15','2022-06-10 11:13:15'),(59,'close','984903239151521792','984903239151521792','984903239151521792','984903239151521792','11 33 19 10 07 ? 2023',1,NULL,'2022-06-10 11:33:51','2022-06-10 11:33:51'),(60,'expire','984903239331876864','984903239331876864','984903239331876864','984903239331876864','11 33 19 10 06 ? 2024',0,NULL,'2022-06-10 11:33:51','2022-06-10 11:33:51'),(61,'close','984906214808883200','984906214808883200','984906214808883200','984906214808883200','19 46 19 10 06 ? 2022',1,NULL,'2022-06-10 11:45:40','2022-06-10 11:45:40'),(62,'expire','984906215035375616','984906215035375616','984906215035375616','984906215035375616','19 47 19 10 06 ? 2022',1,NULL,'2022-06-10 11:45:40','2022-06-10 11:45:40'),(63,'close','984932602014208000','984932602014208000','984932602014208000','984932602014208000','54 30 21 10 06 ? 2022',1,NULL,'2022-06-10 13:30:31','2022-06-10 13:30:31'),(64,'expire','984932602110676992','984932602110676992','984932602110676992','984932602110676992','54 30 22 10 06 ? 2022',0,NULL,'2022-06-10 13:30:32','2022-06-10 13:30:32'),(65,'close','984932857296326656','984932857296326656','984932857296326656','984932857296326656','02 31 22 10 06 ? 2022',1,NULL,'2022-06-10 13:31:32','2022-06-10 13:31:32'),(66,'expire','984932857359241216','984932857359241216','984932857359241216','984932857359241216','02 31 23 10 06 ? 2022',0,NULL,'2022-06-10 13:31:32','2022-06-10 13:31:32'),(67,'close','984937935294042112','984937935294042112','984937935294042112','984937935294042112','13 52 21 10 06 ? 2022',1,NULL,'2022-06-10 13:51:43','2022-06-10 13:51:43'),(68,'expire','984937935352762368','984937935352762368','984937935352762368','984937935352762368','13 53 21 10 06 ? 2022',1,NULL,'2022-06-10 13:51:43','2022-06-10 13:51:43'),(69,'close','984945834619703296','984945834619703296','984945834619703296','984945834619703296','33 22 22 11 06 ? 2022',0,NULL,'2022-06-10 14:23:06','2022-06-10 14:23:06'),(70,'expire','984945834699395072','984945834699395072','984945834699395072','984945834699395072','33 22 22 12 06 ? 2022',0,NULL,'2022-06-10 14:23:06','2022-06-10 14:23:06'),(71,'close','984947434687959040','984947434687959040','984947434687959040','984947434687959040','06 29 22 11 06 ? 2022',1,NULL,'2022-06-10 14:29:28','2022-06-10 14:29:28'),(72,'expire','984947434750873600','984947434750873600','984947434750873600','984947434750873600','06 29 22 12 06 ? 2022',0,NULL,'2022-06-10 14:29:28','2022-06-10 14:29:28'),(73,'close','984947775479353344','984947775479353344','984947775479353344','984947775479353344','24 30 23 10 06 ? 2022',1,NULL,'2022-06-10 14:30:49','2022-06-10 14:30:49'),(74,'expire','984947775538073600','984947775538073600','984947775538073600','984947775538073600','24 30 22 11 06 ? 2022',0,NULL,'2022-06-10 14:30:49','2022-06-10 14:30:49'),(75,'close','984948134843125760','984948134843125760','984948134843125760','984948134843125760','51 31 22 11 06 ? 2022',1,NULL,'2022-06-10 14:32:15','2022-06-10 14:32:15'),(76,'expire','984948134885068800','984948134885068800','984948134885068800','984948134885068800','51 31 22 12 06 ? 2022',0,NULL,'2022-06-10 14:32:15','2022-06-10 14:32:15'),(77,'close','984948288077828096','984948288077828096','984948288077828096','984948288077828096','25 32 22 11 06 ? 2022',1,NULL,'2022-06-10 14:32:51','2022-06-10 14:32:51'),(78,'expire','984948288119771136','984948288119771136','984948288119771136','984948288119771136','25 32 22 13 09 ? 2022',0,NULL,'2022-06-10 14:32:51','2022-06-10 14:32:51'),(79,'close','984948568894869504','984948568894869504','984948568894869504','984948568894869504','39 33 22 10 06 ? 2023',1,NULL,'2022-06-10 14:33:58','2022-06-10 14:33:58'),(80,'expire','984948568957784064','984948568957784064','984948568957784064','984948568957784064','39 33 22 10 06 ? 2024',0,NULL,'2022-06-10 14:33:58','2022-06-10 14:33:58'),(81,'close','984949610986475520','984949610986475520','984949610986475520','984949610986475520','46 38 22 10 06 ? 2022',1,NULL,'2022-06-10 14:38:07','2022-06-10 14:38:07'),(82,'expire','984949611053584384','984949611053584384','984949611053584384','984949611053584384','46 39 22 10 06 ? 2022',1,NULL,'2022-06-10 14:38:07','2022-06-10 14:38:07'),(83,'close','984949964817960960','984949964817960960','984949964817960960','984949964817960960','00 39 22 11 07 ? 2022',1,NULL,'2022-06-10 14:39:31','2022-06-10 14:39:31'),(84,'expire','984949964851515392','984949964851515392','984949964851515392','984949964851515392','00 39 22 10 11 ? 2022',0,NULL,'2022-06-10 14:39:31','2022-06-10 14:39:31'),(85,'close','984950326157250560','984950326157250560','984950326157250560','984950326157250560','16 41 22 10 06 ? 2022',1,NULL,'2022-06-10 14:40:57','2022-06-10 14:40:57'),(86,'expire','984950326211776512','984950326211776512','984950326211776512','984950326211776512','16 42 22 10 06 ? 2022',1,NULL,'2022-06-10 14:40:57','2022-06-10 14:40:57'),(87,'close','984956876343087104','984956876343087104','984956876343087104','984956876343087104','34 07 23 10 06 ? 2022',1,NULL,'2022-06-10 15:06:59','2022-06-10 15:06:59'),(88,'expire','984956876410195968','984956876410195968','984956876410195968','984956876410195968','33 08 23 10 06 ? 2022',1,NULL,'2022-06-10 15:06:59','2022-06-10 15:06:59'),(89,'close','984966821797040128','984966821797040128','984966821797040128','984966821797040128','01 47 23 10 06 ? 2022',1,NULL,'2022-06-10 15:46:30','2022-06-10 15:46:30'),(90,'expire','984966821847371776','984966821847371776','984966821847371776','984966821847371776','01 49 23 10 06 ? 2022',1,NULL,'2022-06-10 15:46:30','2022-06-10 15:46:30'),(91,'close','984966990957514752','984966990957514752','984966990957514752','984966990957514752','40 46 23 10 06 ? 2023',0,NULL,'2022-06-10 15:47:10','2022-06-10 15:47:10'),(92,'expire','984966990995263488','984966990995263488','984966990995263488','984966990995263488','40 46 23 10 12 ? 2023',0,NULL,'2022-06-10 15:47:10','2022-06-10 15:47:10'),(93,'close','984967166589800448','984967166589800448','984967166589800448','984967166589800448','34 47 23 10 07 ? 2022',0,NULL,'2022-06-10 15:47:52','2022-06-10 15:47:52'),(94,'expire','984967166627549184','984967166627549184','984967166627549184','984967166627549184','34 47 23 10 09 ? 2022',0,NULL,'2022-06-10 15:47:52','2022-06-10 15:47:52'),(95,'close','984967539371151360','984967539371151360','984967539371151360','984967539371151360','52 49 23 10 06 ? 2022',1,NULL,'2022-06-10 15:49:21','2022-06-10 15:49:21'),(96,'expire','984967539408900096','984967539408900096','984967539408900096','984967539408900096','57 49 23 10 06 ? 2022',1,NULL,'2022-06-10 15:49:21','2022-06-10 15:49:21'),(97,'close','984981038365282304','984981038365282304','984981038365282304','984981038365282304','15 42 00 11 09 ? 2022',0,NULL,'2022-06-10 16:43:00','2022-06-10 16:43:00'),(98,'expire','984981038407225344','984981038407225344','984981038407225344','984981038407225344','15 42 00 11 11 ? 2022',0,NULL,'2022-06-10 16:43:00','2022-06-10 16:43:00'),(99,'close','984981186126417920','984981186126417920','984981186126417920','984981186126417920','12 43 00 11 08 ? 2023',0,NULL,'2022-06-10 16:43:35','2022-06-10 16:43:35'),(100,'expire','984981186168360960','984981186168360960','984981186168360960','984981186168360960','12 43 00 13 08 ? 2022',0,NULL,'2022-06-10 16:43:35','2022-06-10 16:43:35'),(101,'close','984986143567253504','984986143567253504','984986143567253504','984986143567253504','35 02 01 11 09 ? 2022',0,NULL,'2022-06-10 17:03:17','2022-06-10 17:03:17'),(102,'expire','984986143630168064','984986143630168064','984986143630168064','984986143630168064','35 02 01 11 11 ? 2022',0,NULL,'2022-06-10 17:03:17','2022-06-10 17:03:17');

/*Table structure for table `user` */

DROP TABLE IF EXISTS `user`;

CREATE TABLE `user` (
  `id` bigint NOT NULL AUTO_INCREMENT COMMENT 'id',
  `tel` varchar(100) NOT NULL COMMENT '手机号码',
  `password` varchar(100) NOT NULL COMMENT '密码',
  `username` text CHARACTER SET utf8mb4 COLLATE utf8mb4_0900_ai_ci COMMENT '用户名',
  `avatar` text CHARACTER SET utf8mb4 COLLATE utf8mb4_0900_ai_ci COMMENT '头像',
  `sex` bigint DEFAULT '0' COMMENT '性别0-女生',
  `introduce` text COMMENT '签名',
  `create_time` datetime DEFAULT NULL COMMENT '创建时间',
  `update_time` datetime DEFAULT NULL COMMENT '更新时间',
  `version` bigint DEFAULT '1' COMMENT '乐观锁',
  `deleted` bigint DEFAULT '0' COMMENT '逻辑删除',
  `wxOpenid` text,
  `email` text,
  PRIMARY KEY (`id`)
) ENGINE=InnoDB AUTO_INCREMENT=83 DEFAULT CHARSET=utf8mb4 COLLATE=utf8mb4_0900_ai_ci;

/*Data for the table `user` */

insert  into `user`(`id`,`tel`,`password`,`username`,`avatar`,`sex`,`introduce`,`create_time`,`update_time`,`version`,`deleted`,`wxOpenid`,`email`) values (22,'1372862012','10470c3b4b1fed12c3baac014be15fac67c6e815','soni','https://thirdwx.qlogo.cn/mmopen/vi_32/Q0j4TwGTfTKIBs2YhD1QD9bibgGiaykxV3LuGSlw73cgzBqWKDicVQUS76FSTqpsPxkMkN0QFO6hGic2yoaDChmYAg/132',0,'我的签名','2022-06-02 06:53:14','2022-06-02 06:53:14',1,0,'oxHuo5Be1wnQMkAyZQr_AFQ1W2x4',NULL),(23,'1372862012','10470c3b4b1fed12c3baac014be15fac67c6e815','林禾','https://thirdwx.qlogo.cn/mmopen/vi_32/S6h3pRIScQt13ic0NTBecBLic2utocMlWazy8QiaRNkBG8BWibbaO0ML6eIsguISaKZ8L1sPYtlicowtiacn9Uw8C2yQ/132',0,'我的签名','2022-06-02 07:36:34','2022-06-02 07:36:34',1,0,'oxHuo5MQNDKaCI3xtw6LZsYCb-IU','2651249894@qq.com\r\n'),(24,'1372862012','10470c3b4b1fed12c3baac014be15fac67c6e815',NULL,NULL,0,'我的签名','2022-06-03 09:30:24','2022-06-03 09:30:24',1,0,NULL,NULL),(25,'1372862012','10470c3b4b1fed12c3baac014be15fac67c6e815',NULL,NULL,0,'我的签名','2022-06-03 09:31:03','2022-06-03 09:31:03',1,0,NULL,NULL),(26,'1372862012','10470c3b4b1fed12c3baac014be15fac67c6e815',NULL,NULL,0,'我的签名','2022-06-03 09:33:23','2022-06-03 09:33:23',1,0,NULL,NULL),(27,'1372862012','10470c3b4b1fed12c3baac014be15fac67c6e815',NULL,NULL,0,'我的签名','2022-06-03 09:36:11','2022-06-03 09:36:11',1,0,NULL,NULL),(28,'1372862012','10470c3b4b1fed12c3baac014be15fac67c6e815',NULL,NULL,0,'我的签名','2022-06-03 09:36:14','2022-06-03 09:36:14',1,0,NULL,NULL),(29,'1372862012','10470c3b4b1fed12c3baac014be15fac67c6e815',NULL,NULL,0,'我的签名','2022-06-03 09:38:18','2022-06-03 09:38:18',1,0,NULL,NULL),(30,'1372862012','10470c3b4b1fed12c3baac014be15fac67c6e815',NULL,NULL,0,'我的签名','2022-06-03 09:40:09','2022-06-03 09:40:09',1,0,NULL,NULL),(31,'1372862012','10470c3b4b1fed12c3baac014be15fac67c6e815',NULL,NULL,0,'我的签名','2022-06-03 09:40:11','2022-06-03 09:40:11',1,0,NULL,NULL),(32,'1372862012','10470c3b4b1fed12c3baac014be15fac67c6e815',NULL,NULL,0,'我的签名','2022-06-03 09:42:01','2022-06-03 09:42:01',1,0,NULL,NULL),(33,'1372862012','10470c3b4b1fed12c3baac014be15fac67c6e815',NULL,NULL,0,'我的签名','2022-06-03 09:54:11','2022-06-03 09:54:11',1,0,NULL,NULL),(34,'1372862012','10470c3b4b1fed12c3baac014be15fac67c6e815',NULL,NULL,0,'我的签名','2022-06-03 09:54:40','2022-06-03 09:54:40',1,0,NULL,NULL),(35,'1372862012','10470c3b4b1fed12c3baac014be15fac67c6e815',NULL,NULL,0,'我的签名','2022-06-03 09:58:39','2022-06-03 09:58:39',1,0,NULL,NULL),(36,'1372862012','10470c3b4b1fed12c3baac014be15fac67c6e815',NULL,'',0,'我的签名','2022-06-03 10:17:15','2022-06-03 10:17:15',1,0,NULL,NULL),(37,'1372862012','10470c3b4b1fed12c3baac014be15fac67c6e815',NULL,'',0,'我的签名','2022-06-03 10:22:30','2022-06-03 10:22:30',1,0,NULL,NULL),(38,'1372862012','10470c3b4b1fed12c3baac014be15fac67c6e815','名称','头像地址',0,'我的签名','2022-06-03 10:24:59','2022-06-03 10:24:59',1,0,NULL,NULL),(39,'1372862012','10470c3b4b1fed12c3baac014be15fac67c6e815','soni','https://blog.csdn.net/majunssz/article/details/124376539',0,'我的签名','2022-06-03 10:25:57','2022-06-03 10:25:57',1,0,NULL,NULL),(40,'1372862012','10470c3b4b1fed12c3baac014be15fac67c6e815',NULL,'',0,'我的签名','2022-06-03 10:26:33','2022-06-03 10:26:33',1,0,NULL,NULL),(41,'1372862012','10470c3b4b1fed12c3baac014be15fac67c6e815',NULL,NULL,0,'我的签名','2022-06-03 10:28:53','2022-06-03 10:28:53',1,0,NULL,NULL),(42,'1372862012','10470c3b4b1fed12c3baac014be15fac67c6e815',NULL,'',0,'我的签名','2022-06-03 10:29:40','2022-06-03 10:29:40',1,0,NULL,NULL),(43,'1372862012','10470c3b4b1fed12c3baac014be15fac67c6e815',NULL,NULL,0,'我的签名','2022-06-03 10:29:40','2022-06-03 10:29:40',1,0,NULL,NULL),(44,'1372862012','10470c3b4b1fed12c3baac014be15fac67c6e815',NULL,NULL,0,'我的签名','2022-06-03 10:29:44','2022-06-03 10:29:44',1,0,NULL,NULL),(45,'1372862012','10470c3b4b1fed12c3baac014be15fac67c6e815',NULL,'',0,'我的签名','2022-06-03 10:29:44','2022-06-03 10:29:44',1,0,NULL,NULL),(46,'1372862012','10470c3b4b1fed12c3baac014be15fac67c6e815',NULL,'',0,'我的签名','2022-06-03 10:33:43','2022-06-03 10:33:43',1,0,NULL,NULL),(47,'1372862012','10470c3b4b1fed12c3baac014be15fac67c6e815',NULL,NULL,0,'我的签名','2022-06-03 10:33:43','2022-06-03 10:33:43',1,0,NULL,NULL),(48,'1372862012','10470c3b4b1fed12c3baac014be15fac67c6e815',NULL,'',0,'我的签名','2022-06-03 10:34:27','2022-06-03 10:34:27',1,0,NULL,NULL),(49,'1372862012','10470c3b4b1fed12c3baac014be15fac67c6e815',NULL,NULL,0,'我的签名','2022-06-03 10:34:27','2022-06-03 10:34:27',1,0,NULL,NULL),(50,'1372862012','10470c3b4b1fed12c3baac014be15fac67c6e815',NULL,'',0,'我的签名','2022-06-03 10:36:18','2022-06-03 10:36:18',1,0,NULL,NULL),(51,'1372862012','10470c3b4b1fed12c3baac014be15fac67c6e815',NULL,NULL,0,'我的签名','2022-06-03 10:36:18','2022-06-03 10:36:18',1,0,NULL,NULL),(52,'1372862012','10470c3b4b1fed12c3baac014be15fac67c6e815',NULL,NULL,0,'我的签名','2022-06-03 10:38:20','2022-06-03 10:38:20',1,0,NULL,NULL),(53,'1372862012','10470c3b4b1fed12c3baac014be15fac67c6e815',NULL,'',0,'我的签名','2022-06-03 10:38:20','2022-06-03 10:38:20',1,0,NULL,NULL),(54,'1372862012','10470c3b4b1fed12c3baac014be15fac67c6e815',NULL,'',0,'我的签名','2022-06-03 10:48:00','2022-06-03 10:48:00',1,0,NULL,NULL),(55,'1372862012','10470c3b4b1fed12c3baac014be15fac67c6e815',NULL,NULL,0,'我的签名','2022-06-03 10:48:00','2022-06-03 10:48:00',1,0,NULL,NULL),(56,'1372862012','10470c3b4b1fed12c3baac014be15fac67c6e815',NULL,'',0,'我的签名','2022-06-03 10:50:22','2022-06-03 10:50:22',1,0,NULL,NULL),(57,'1372862012','10470c3b4b1fed12c3baac014be15fac67c6e815',NULL,NULL,0,'我的签名','2022-06-03 10:50:22','2022-06-03 10:50:22',1,0,NULL,NULL),(58,'1372862012','10470c3b4b1fed12c3baac014be15fac67c6e815',NULL,NULL,0,'我的签名','2022-06-03 10:57:54','2022-06-03 10:57:54',1,0,NULL,NULL),(59,'1372862012','10470c3b4b1fed12c3baac014be15fac67c6e815',NULL,'',0,'我的签名','2022-06-03 10:57:54','2022-06-03 10:57:54',1,0,NULL,NULL),(60,'1372862012','10470c3b4b1fed12c3baac014be15fac67c6e815',NULL,'',0,'我的签名','2022-06-03 10:59:32','2022-06-03 10:59:32',1,0,NULL,NULL),(61,'1372862012','10470c3b4b1fed12c3baac014be15fac67c6e815',NULL,NULL,0,'我的签名','2022-06-03 10:59:32','2022-06-03 10:59:32',1,0,NULL,NULL),(62,'1372862012','10470c3b4b1fed12c3baac014be15fac67c6e815',NULL,NULL,0,'我的签名','2022-06-03 11:24:10','2022-06-03 11:24:10',1,0,NULL,NULL),(63,'1372862012','10470c3b4b1fed12c3baac014be15fac67c6e815',NULL,NULL,0,'我的签名','2022-06-03 11:24:11','2022-06-03 11:24:11',1,0,NULL,NULL),(64,'1372862012','10470c3b4b1fed12c3baac014be15fac67c6e815',NULL,NULL,0,'我的签名','2022-06-03 11:49:03','2022-06-03 11:49:03',1,0,NULL,NULL),(65,'1372862012','10470c3b4b1fed12c3baac014be15fac67c6e815',NULL,NULL,0,'我的签名','2022-06-03 11:52:59','2022-06-03 11:52:59',1,0,NULL,NULL),(66,'1372862012','10470c3b4b1fed12c3baac014be15fac67c6e815',NULL,NULL,0,'我的签名','2022-06-03 11:55:40','2022-06-03 11:55:40',1,0,NULL,NULL),(67,'1372862012','10470c3b4b1fed12c3baac014be15fac67c6e815',NULL,NULL,0,'我的签名','2022-06-03 11:56:41','2022-06-03 11:56:41',1,0,NULL,NULL),(68,'1372862012','10470c3b4b1fed12c3baac014be15fac67c6e815',NULL,NULL,0,'我的签名','2022-06-03 11:56:42','2022-06-03 11:56:42',1,0,NULL,NULL),(69,'1372862012','10470c3b4b1fed12c3baac014be15fac67c6e815',NULL,NULL,0,'我的签名','2022-06-04 07:13:31','2022-06-04 07:13:31',1,0,NULL,NULL),(70,'1372862012','10470c3b4b1fed12c3baac014be15fac67c6e815',NULL,NULL,0,'我的签名','2022-06-04 07:13:38','2022-06-04 07:13:38',1,0,NULL,NULL),(71,'1372862012','10470c3b4b1fed12c3baac014be15fac67c6e815',NULL,NULL,0,'我的签名','2022-06-05 16:41:07','2022-06-05 16:41:07',1,0,NULL,NULL),(72,'1372862012','10470c3b4b1fed12c3baac014be15fac67c6e815',NULL,NULL,0,'我的签名','2022-06-09 16:19:25','2022-06-09 16:19:25',1,0,NULL,NULL),(73,'1372862012','10470c3b4b1fed12c3baac014be15fac67c6e815',NULL,NULL,0,'我的签名','2022-06-09 16:26:23','2022-06-09 16:26:23',1,0,NULL,NULL),(74,'1372862012','10470c3b4b1fed12c3baac014be15fac67c6e815',NULL,NULL,0,'我的签名','2022-06-09 19:04:13','2022-06-09 19:04:13',1,0,NULL,NULL),(75,'1372862012','10470c3b4b1fed12c3baac014be15fac67c6e815',NULL,NULL,0,'我的签名','2022-06-09 19:19:19','2022-06-09 19:19:19',1,0,NULL,NULL),(76,'1372862012','10470c3b4b1fed12c3baac014be15fac67c6e815',NULL,NULL,0,'我的签名','2022-06-10 11:39:54','2022-06-10 11:39:54',1,0,NULL,NULL),(77,'1372862012','10470c3b4b1fed12c3baac014be15fac67c6e815',NULL,NULL,0,'我的签名','2022-06-10 15:06:15','2022-06-10 15:06:15',1,0,NULL,NULL),(78,'1372862012','10470c3b4b1fed12c3baac014be15fac67c6e815',NULL,NULL,0,'我的签名','2022-06-10 15:34:23','2022-06-10 15:34:23',1,0,NULL,NULL),(79,'1372862012','10470c3b4b1fed12c3baac014be15fac67c6e815',NULL,NULL,0,'我的签名','2022-06-10 15:39:05','2022-06-10 15:39:05',1,0,NULL,NULL),(80,'1372862012','10470c3b4b1fed12c3baac014be15fac67c6e815',NULL,NULL,0,'我的签名','2022-06-10 15:39:12','2022-06-10 15:39:12',1,0,NULL,NULL),(81,'1372862012','10470c3b4b1fed12c3baac014be15fac67c6e815',NULL,NULL,0,'我的签名','2022-06-10 15:46:13','2022-06-10 15:46:13',1,0,NULL,NULL),(82,'1372862012','10470c3b4b1fed12c3baac014be15fac67c6e815',NULL,NULL,0,'我的签名','2022-06-10 17:02:40','2022-06-10 17:02:40',1,0,NULL,NULL);

/*!40101 SET SQL_MODE=@OLD_SQL_MODE */;
/*!40014 SET FOREIGN_KEY_CHECKS=@OLD_FOREIGN_KEY_CHECKS */;
/*!40014 SET UNIQUE_CHECKS=@OLD_UNIQUE_CHECKS */;
/*!40111 SET SQL_NOTES=@OLD_SQL_NOTES */;
